time_s,path_x_m,path_y_m,path_z_m,alpha_rad,beta_rad,gamma_rad,alpha_dot,beta_dot,gamma_dot,potential,min_hard_proximity
0.0,0.0,0.0,0.0,0.0,-0.08,0.0,0.0,0.0,0.0,0.0,3.118028136579451
0.0325,0.0032500000000000003,0.0,0.0,0.0,-0.08,0.0,0.0,0.0,0.0,0.0,3.118028136579451
0.065,0.006500000000000001,0.0,0.0,0.0,-0.08,0.0,0.0,0.0,0.0,0.0,3.118028136579451
0.0975,0.009750000000000002,0.0,0.0,0.0,-0.08,0.0,0.0,0.0,0.0,0.0,3.118028136579451
0.13,0.013000000000000001,0.0,0.0,0.0,-0.08,0.0,0.0,0.0,0.0,0.0,3.118028136579451
0.1625,0.01625,0.0,0.0,0.0,-0.08,0.0,0.0,0.0,0.0,0.0,3.118028136579451
0.19500000000000003,0.019500000000000003,0.0,0.0,0.0,-0.08,0.0,0.0,0.0,0.0,0.0,3.118028136579451
0.22750000000000004,0.022750000000000003,0.0,0.0,0.0,-0.08,0.0,0.0,0.0,0.0,0.0,3.118028136579451
0.26,0.026000000000000002,0.0,0.0,0.0,-0.08,0.0,0.0,0.0,0.0,0.0,3.118028136579451
0.2925,0.02925,0.0,0.0,0.0,-0.08,0.0,0.0,0.0,0.0,0.0,3.118028136579451
0.32499999999999996,0.0325,0.0,0.0,0.0,-0.08,0.0,0.0,0.0,0.0,0.0,3.118028136579451
0.3575,0.035750000000000004,0.0,0.0,0.0,-0.08,0.0,0.0,0.0,0.0,0.0,3.118028136579451
0.39,0.03900000000000001,0.0,0.0,0.0,-0.08,0.0,0.0,0.0,0.0,0.0,3.118028136579451
0.4225,0.04225,0.0,0.0,0.0,-0.08,0.0,0.0,0.0,0.0,0.0,3.118028136579451
0.455,0.045500000000000006,0.0,0.0,0.0,-0.08,0.0,0.0,0.0,0.0,0.0,3.118028136579451
0.4875,0.04875,0.0,0.0,0.0,-0.08,0.0,0.0,0.0,0.0,0.0,3.118028136579451
0.52,0.052000000000000005,0.0,0.0,0.0,-0.08,0.0,0.0,0.0,0.0,0.0,3.118028136579451
0.5525,0.05525000000000001,0.0,0.0,0.0,-0.08,0.0,0.0,0.0,0.0,0.0,3.118028136579451
0.585,0.0585,0.0,0.0,0.0,-0.08,0.0,0.0,0.0,0.0,0.0,3.118028136579451
0.6174999999999999,0.061750000000000006,0.0,0.0,0.0,-0.08,0.0,0.0,0.0,0.0,0.0,3.118028136579451
0.6499999999999999,0.065,0.0,0.0,0.0,-0.08,0.0,0.0,0.0,0.0,0.0,3.118028136579451
0.6824999999999999,0.06825,0.0,0.0,0.0,-0.08,0.0,0.0,0.0,0.0,0.0,3.118028136579451
0.7149999999999999,0.07150000000000001,0.0,0.0,0.0,-0.08,0.0,0.0,0.0,0.0,0.0,3.118028136579451
0.7474999999999998,0.07475000000000001,0.0,0.0,0.0,-0.08,0.0,0.0,0.0,0.0,0.0,3.118028136579451
0.7799999999999998,0.07800000000000001,0.0,0.0,0.0,-0.08,0.0,0.0,0.0,0.0,0.0,3.118028136579451
0.8124999999999997,0.08125,0.0,0.0,0.0,-0.08,0.0,0.0,0.0,0.0,0.0,3.118028136579451
0.8449999999999998,0.0845,0.0,0.0,0.0,-0.08,0.0,0.0,0.0,0.0,0.0,3.118028136579451
0.8774999999999997,0.08775000000000001,0.0,0.0,0.0,-0.08,0.0,0.0,0.0,0.0,0.0,3.118028136579451
0.9099999999999997,0.09100000000000001,0.0,0.0,0.0,-0.08,0.0,0.0,0.0,0.0,0.0,3.118028136579451
0.9424999999999997,0.09425000000000001,0.0,0.0,0.0,-0.08,0.0,0.0,0.0,0.0,0.0,3.118028136579451
0.9749999999999995,0.0975,0.0,0.0,0.0,-0.08,0.0,0.0,0.0,0.0,0.0,3.118028136579451
1.0074999999999996,0.10075,0.0,0.0,0.0,-0.08,0.0,0.0,0.0,0.0,0.0,3.118028136579451
1.0399999999999996,0.10400000000000001,0.0,0.0,0.0,-0.08,0.0,0.0,0.0,0.0,0.0,3.118028136579451
1.0724999999999996,0.10725000000000001,0.0,0.0,0.0,-0.08,0.0,0.0,0.0,0.0,0.0,3.118028136579451
1.1049999999999995,0.11050000000000001,0.0,0.0,0.0,-0.08,0.0,0.0,0.0,0.0,0.0,3.118028136579451
1.1374999999999995,0.11375,0.0,0.0,0.0,-0.08,0.0,0.0,0.0,0.0,0.0,3.118028136579451
1.1699999999999995,0.117,0.0,0.0,0.0,-0.08,0.0,0.0,0.0,0.0,0.0,3.118028136579451
1.2024999999999995,0.12025000000000001,0.0,0.0,0.0,-0.08,0.0,0.0,0.0,0.0,0.0,3.118028136579451
1.2349999999999994,0.12350000000000001,0.0,0.0,0.0,-0.08,0.0,0.0,0.0,0.0,0.0,3.118028136579451
1.2674999999999994,0.12675,0.0,0.0,0.0,-0.08,0.0,0.0,0.0,0.0,0.0,3.100434127295171
1.2999999999999994,0.13,0.0,0.0,0.0,-0.08,0.0,0.0,0.0,0.0,0.0,3.077185624095836
1.3324999999999994,0.13325,0.0,0.0,0.0,-0.08,0.0,0.0,0.0,0.0,0.0,3.0539463545454613
1.3649999999999993,0.1365,0.0,0.0,0.0,-0.08,0.0,0.0,0.0,0.0,0.0,3.030716118236624
1.3974999999999993,0.13975,0.0,0.0,0.0,-0.08,0.0,0.0,0.0,0.0,0.0,3.0074947069551805
1.4299999999999993,0.14300000000000002,0.0,0.0,0.0,-0.08,0.0,0.0,0.0,0.0,0.0,2.984281904822338
1.4624999999999992,0.14625000000000002,0.0,0.0,0.0,-0.08,0.0,0.0,0.0,0.0,0.0,2.9610774884446016
1.4949999999999992,0.14950000000000002,0.0,0.0,0.0,-0.08,0.0,0.0,0.0,0.0,0.0,2.9378812270714962
1.5274999999999992,0.15275000000000002,0.0,0.0,0.0,-0.08,0.0,0.0,0.0,0.0,0.0,2.914692882761026
1.5599999999999992,0.15600000000000003,0.0,0.0,0.0,-0.08,0.0,0.0,0.0,0.0,0.0,2.891512210552761
1.592499999999999,0.15925,0.0,0.0,0.0,-0.08,0.0,0.0,0.0,0.0,0.0,2.868338958648484
1.624999999999999,0.1625,0.0,0.0,0.0,-0.08,0.0,0.0,0.0,0.0,0.0,2.8451728686003053
1.6574999999999989,0.16575,0.0,0.0,0.0,-0.08,0.0,0.0,0.0,0.0,0.0,2.822013675506142
1.6899999999999988,0.169,0.0,0.0,0.0,-0.08,0.0,0.0,0.0,0.0,0.0,2.798861108212459
1.7224999999999988,0.17225000000000001,0.0,0.0,0.0,-0.08,0.0,0.0,0.0,0.0,0.0,2.7757148895241803
1.7549999999999988,0.17550000000000002,0.0,0.0,0.0,-0.08,0.0,0.0,0.0,0.0,0.0,2.7525747364216393
1.7874999999999988,0.17875000000000002,0.0,0.0,0.0,-0.08,0.0,0.0,0.0,0.0,0.0,2.7294403602844595
1.8199999999999987,0.18200000000000002,0.0,0.0,0.0,-0.08,0.0,0.0,0.0,0.0,0.0,2.706311467122251
1.8524999999999987,0.18525000000000003,0.0,0.0,0.0,-0.08,0.0,0.0,0.0,0.0,0.0,2.6831877578119814
1.8849999999999987,0.18850000000000003,0.0,0.0,0.0,-0.08,0.0,0.0,0.0,0.0,0.0,2.660068928341911
1.9174999999999984,0.19175,0.0,0.0,0.0,-0.08,0.0,0.0,0.0,0.0,0.0,2.6369546700619377
1.9499999999999984,0.195,0.0,0.0,0.0,-0.08,0.0,0.0,0.0,0.0,0.0,2.613844669940232
1.9824999999999984,0.19825,0.0,0.0,0.0,-0.08,0.0,0.0,0.0,0.0,0.0,2.5907386108260124
2.0149999999999983,0.2015,0.0,0.0,0.0,-0.08,0.0,0.0,0.0,0.0,0.0,2.5676361717183225
2.0474999999999985,0.20475000000000002,0.0,0.0,0.0,-0.08,0.0,0.0,0.0,0.0,0.0,2.5445370280406543
2.0799999999999987,0.20800000000000002,0.0,0.0,0.0,-0.08,0.0,0.0,0.0,0.0,0.0,2.521440851921286
2.112499999999999,0.21125000000000002,0.0,0.0,0.0,-0.08,0.0,0.0,0.0,0.0,0.0,2.498347312479166
2.144999999999999,0.21450000000000002,0.0,0.0,0.0,-0.08,0.0,0.0,0.0,0.0,0.0,2.475256076115199
2.1774999999999993,0.21775000000000003,0.0,0.0,0.0,-0.08,0.0,0.0,0.0,0.0,0.0,2.45216680680879
2.2099999999999995,0.22100000000000003,0.0,0.0,0.0,-0.08,0.0,0.0,0.0,0.0,0.0,2.4290791664194713
2.2424999999999997,0.22425000000000003,0.0,0.0,0.0,-0.08,0.0,0.0,0.0,0.0,0.0,2.405992814993474
2.2749999999999995,0.2275,0.0,0.0,0.0,-0.08,0.0,0.0,0.0,0.0,0.0,2.3829074110750827
2.3074999999999997,0.23075,0.0,0.0,0.0,-0.08,0.0,0.0,0.0,0.0,0.0,2.3598226120226204
2.34,0.234,0.0,0.0,0.0,-0.08,0.0,0.0,0.0,0.0,0.0,2.336738074328909
2.3725,0.23725000000000002,0.0,0.0,0.0,-0.08,0.0,0.0,0.0,0.0,0.0,2.313653453946044
2.4050000000000002,0.24050000000000002,0.0,0.0,0.0,-0.08,0.0,0.0,0.0,0.0,0.0,2.2905684066143586
2.4375000000000004,0.24375000000000002,0.0,0.0,0.0,-0.08,0.0,0.0,0.0,0.0,0.0,2.2674825881953886
2.4700000000000006,0.24700000000000003,0.0,0.0,0.0,-0.08,0.0,0.0,0.0,0.0,0.0,2.244395655008729
2.502500000000001,0.25025000000000003,0.0,0.0,0.0,-0.08,0.0,0.0,0.0,0.0,0.0,2.221307264172615
2.5350000000000006,0.2535,0.0,0.0,0.0,-0.08,0.0,0.0,0.0,0.0,0.0,2.1982170739480997
2.567500000000001,0.25675000000000003,0.0,0.0,0.0,-0.08,0.0,0.0,0.0,0.0,0.0,2.1751247440866885
2.6000000000000005,0.26,0.0,0.0,0.0,-0.08,0.0,0.0,0.0,0.0,0.0,2.152029936181302
2.6325000000000007,0.26325000000000004,0.0,0.0,0.0,-0.08,0.0,0.0,0.0,0.0,0.0,2.128932314020443
2.6650000000000005,0.2665,0.0,0.0,0.0,-0.08,0.0,0.0,0.0,0.0,0.0,2.105831543945448
2.6975000000000007,0.26975000000000005,0.0,0.0,0.0,-0.08,0.0,0.0,0.0,0.0,0.0,2.082727295210716
2.7300000000000004,0.273,0.0,0.0,0.0,-0.08,0.0,0.0,0.0,0.0,0.0,2.059619240346802
2.7625000000000006,0.27625000000000005,0.0,0.0,0.0,-0.08,0.0,0.0,0.0,0.0,0.0,2.036507055526291
2.7950000000000004,0.2795,0.0,0.0,0.0,-0.08,0.0,0.0,0.0,0.0,0.0,2.013390420932357
2.8275,0.28275,0.0,0.0,0.0,-0.08,0.0,0.0,0.0,0.0,0.0,1.9902690211299405
2.8600000000000003,0.28600000000000003,0.0,0.0,0.0,-0.08,0.0,0.0,0.0,0.0,0.0,1.9671425454394642
2.8925,0.28925,0.0,0.0,0.0,-0.08,0.0,0.0,0.0,0.0,0.0,1.9440106883130548
2.9250000000000003,0.29250000000000004,0.0,0.0,0.0,-0.08,0.0,0.0,0.0,0.0,0.0,1.920873149713207
2.9575,0.29575,0.0,0.0,0.0,-0.08,0.0,0.0,0.0,0.0,0.0,1.8977296354938855
2.99,0.29900000000000004,0.0,0.0,0.0,-0.08,0.0,0.0,0.0,0.0,0.0,1.8745798577840294
3.0225,0.30225,0.0,0.0,0.0,-0.08,0.0,0.0,0.0,0.0,0.0,1.8514235353734854
3.055,0.30550000000000005,0.0,0.0,0.0,-0.08,0.0,0.0,0.0,0.0,0.0,1.8282603941013724
3.0875,0.30875,0.0,0.0,0.0,-0.08,0.0,0.0,0.0,0.0,0.0,1.8050901672469344
3.12,0.31200000000000006,0.0,0.0,0.0,-0.08,0.0,0.0,0.0,0.0,0.0,1.7819125959229143
3.1525,0.31525000000000003,0.0,0.0,0.0,-0.08,0.0,0.0,0.0,0.0,0.0,1.7587274294715738
3.1849999999999996,0.3185,0.0,0.0,0.0,-0.08,0.0,0.0,0.0,0.0,0.0,1.735534425863401
3.2175,0.32175000000000004,0.0,0.0,0.0,-0.08,0.0,0.0,0.0,0.0,0.0,1.7123333520986987
3.2499999999999996,0.325,0.0,0.0,0.0,-0.08,0.0,0.0,0.0,0.0,0.0,1.6891239846121546
3.2824999999999998,0.32825000000000004,0.0,0.0,0.0,-0.08,0.0,0.0,0.0,0.0,0.0,1.6659061096806076
3.3149999999999995,0.3315,0.0,0.0,0.0,-0.08,0.0,0.0,0.0,0.0,0.0,1.6426795238342022
3.3474999999999997,0.33475000000000005,0.0,0.0,0.0,-0.08,0.0,0.0,0.0,0.0,0.0,1.6194440342711947
3.3799999999999994,0.338,0.0,0.0,0.0,-0.08,0.0,0.0,0.0,0.0,0.0,1.5961994592766648
3.4124999999999996,0.34125000000000005,0.0,0.0,0.0,-0.08,0.0,0.0,0.0,0.0,0.0,1.5729456286454773
3.4449999999999994,0.34450000000000003,0.0,0.0,0.0,-0.08,0.0,0.0,0.0,0.0,0.0,1.5496823841098177
3.477499999999999,0.34775,0.0,0.0,0.0,-0.08,0.0,0.0,0.0,0.0,0.0,1.5264095797717274
3.5099999999999993,0.35100000000000003,0.0,0.0,0.0,-0.08,0.0,0.0,0.0,0.0,0.0,1.503127082541064
3.542499999999999,0.35425,0.0,0.0,0.0,-0.08,0.0,0.0,0.0,0.0,0.0,1.4798347725793903
3.5749999999999993,0.35750000000000004,0.0,0.0,0.0,-0.08,0.0,0.0,0.0,0.0,0.0,1.45653254375032
3.607499999999999,0.36075,0.0,0.0,0.0,-0.08,0.0,0.0,0.0,0.0,0.0,1.433220304076952
3.6399999999999992,0.36400000000000005,0.0,0.0,0.0,-0.08,0.0,0.0,0.0,0.0,0.0,1.4098979762070256
3.672499999999999,0.36725,0.0,0.0,0.0,-0.08,0.0,0.0,0.0,0.0,0.0,1.386565497886541
3.704999999999999,0.37050000000000005,0.0,0.0,0.0,-0.08,0.0,0.0,0.0,0.0,0.0,1.3632228224426506
3.737499999999999,0.37375,0.0,0.0,0.0,-0.08,0.0,0.0,0.0,0.0,0.0,1.339869919276675
3.769999999999999,0.37700000000000006,0.0,0.0,0.0,-0.08,0.0,0.0,0.0,0.0,0.0,1.3165067743682328
3.802499999999999,0.38025000000000003,0.0,0.0,0.0,-0.08,0.0,0.0,0.0,0.0,0.0,1.2931333907915037
3.8349999999999986,0.3835,0.0,0.0,0.0,-0.08,0.0,0.0,0.0,0.0,0.0,1.2697497892447889
3.867499999999999,0.38675000000000004,0.0,0.0,0.0,-0.08,0.0,0.0,0.0,0.0,0.0,1.2463560085946024
3.8999999999999986,0.39,0.0,0.0,0.0,-0.08,0.0,0.0,0.0,0.0,0.0,1.2229521064356723
3.9324999999999988,0.39325000000000004,0.0,0.0,0.0,-0.08,0.0,0.0,0.0,0.0,0.0,1.1995381596683135
3.9649999999999985,0.3965,0.0,0.0,0.0,-0.08,0.0,0.0,0.0,0.0,0.0,1.176114265094812
3.9974999999999987,0.39975000000000005,0.0,0.0,0.0,-0.08,0.0,0.0,0.0,0.0,0.0,1.1526805400365558
4.0299999999999985,0.403,0.0,0.0,0.0,-0.08,0.0,0.0,0.0,0.0,0.0,1.1292371229738563
4.062499999999999,0.40625000000000006,0.0,0.0,0.0,-0.08,0.0,0.0,0.0,0.0,0.0,1.105784174210523
4.094999999999999,0.40950000000000003,0.0,0.0,0.0,-0.08,0.0,0.0,0.0,0.0,0.0,1.0823218765654896
4.1274999999999995,0.41275000000000006,0.0,0.0,0.0,-0.08,0.0,0.0,0.0,0.0,0.0,1.058850436093934
4.159999999999999,0.41600000000000004,0.0,0.0,0.0,-0.08,0.0,0.0,0.0,0.0,0.0,1.0353700828406314
4.192499999999999,0.41925,0.0,0.0,0.0,-0.08,0.0,0.0,0.0,0.0,0.0,1.0118810716284319
4.225,0.42250000000000004,0.0,0.0,0.0,-0.08000000002981497,0.0,-1.1136594979349945e-06,-4.30073495375795e-06,3.7827836642963774e-07,6.3436583643937705e-06,0.9883836830288857
4.257499999999999,0.42575,0.0,0.0,-3.6865996692566747e-07,-0.08000142071583234,1.2719170584481804e-07,-3.092365891880983e-05,-0.00011906237060049352,1.0764778174137979e-05,0.00017949001919240806,0.9648855898380696
4.29,0.42900000000000005,0.0,0.0,-2.9419590543833284e-06,-0.08001131241665599,1.0389841653260198e-06,-0.0001469785582454554,-0.0005644300395016086,5.265351733825443e-05,0.000853966118981765,0.9414237013632932
4.3225,0.43225,0.0,0.0,-1.1544120153960628e-05,-0.08004429945276467,4.172293177161422e-06,-0.00041292788590898885,-0.0015818753516692449,0.00015220252995429805,0.002395756462672787,0.9180742984890168
4.355,0.43550000000000005,0.0,0.0,-3.2142938225735816e-05,-0.0801231073816059,1.1886809195137683e-05,-0.0008968861315414474,-0.0034279092889303465,0.0003400445550917735,0.00518052991043654,0.8949558351148097
4.3875,0.43875000000000003,0.0,0.0,-7.297570394068565e-05,-0.08027898002640198,2.760882074330913e-05,-0.0016700925812959543,-0.006369075983105125,0.000651115872122824,0.009565399324762537,0.8722311734937941
4.420000000000001,0.44200000000000006,0.0,0.0,-0.00014461461541733476,-0.08055187108679739,5.5961383996781484e-05,-0.0028044852985711034,-0.010672934435887228,0.0011239545058906572,0.01584583903727135,0.8501086531930028
4.452500000000001,0.44525000000000003,0.0,0.0,-0.00025993240191985476,-0.08099026562293779,0.00010286028165748472,-0.004368952611989,-0.016594179872300215,0.0017992621448487285,0.024198366671462534,0.8288412376369382
4.485000000000001,0.44850000000000007,0.0,0.0,-0.00043392249938843674,-0.08165046402745771,0.00017554856088555852,-0.00642412220370568,-0.024355417384529177,0.0027175340633805866,0.03461381519635401,0.8087228613444287
4.517500000000001,0.45175000000000004,0.0,0.0,-0.0006833266849852603,-0.08259515677693514,0.000282537067880101,-0.009015761867394367,-0.03412289076752066,0.003915635553979708,0.046832043950311444,0.7900810750755897
4.550000000000001,0.455,0.0,0.0,-0.0010260309011863305,-0.08389114801334803,0.00043341691166464064,-0.012167223205595816,-0.04597878185402991,0.005422372775296501,0.06029562970070101,0.7732652375929175
4.582500000000001,0.45825000000000005,0.0,0.0,-0.0014802116104783798,-0.08560616631543808,0.0006385156069756046,-0.015871841807592393,-0.05989346064209559,0.007253385575636855,0.0741447383461655,0.7586299184048757
4.615000000000001,0.4615,0.0,0.0,-0.002063253120944418,-0.0878048415435404,0.0009083850483109972,-0.02008671471897143,-0.07570291450368281,0.00940605156571019,0.08727392304426626,0.7465139075545666
4.647500000000002,0.46475000000000005,0.0,0.0,-0.002790508706521777,-0.09054411899924361,0.0012531377367790957,-0.024729607177561307,-0.093097777938833,0.011855436682633768,0.0984601961749193,0.7372162342454617
4.6800000000000015,0.468,0.0,0.0,-0.003674035066676873,-0.09386858961184749,0.001681684736065382,-0.02968063425164262,-0.11162996784437014,0.014552491219136718,0.10654998879732662,0.7309716855751126
4.712500000000002,0.47125000000000006,0.0,0.0,-0.004721472940360478,-0.09780637216468073,0.002200965758499112,-0.034789625595060894,-0.13074020128599378,0.017425494337398397,0.11066669123253961,0.7279291490994247
4.745000000000002,0.47450000000000003,0.0,0.0,-0.0059352559680049865,-0.10236621563145433,0.002815285227762784,-0.039888764128237025,-0.14980483033209727,0.02038511980155283,0.11038271288298189,0.7281362842118662
4.7775000000000025,0.47775000000000006,0.0,0.0,-0.007312291860368623,-0.10753634816810895,0.0035258655814476765,-0.04480858557339752,-0.16819492058713098,0.023332565941048853,0.10580279988055176,0.7315333006837741
4.810000000000002,0.48100000000000004,0.0,0.0,-0.00884417831848198,-0.11328529847624474,0.004330695876566325,-0.049394350755846916,-0.18533658087940927,0.026169304621606965,0.09753181391105893,0.7379570578594387
4.842500000000003,0.48425000000000007,0.0,0.0,-0.010517913911530462,-0.11956453967769588,0.005224697751344215,-0.0535196621139826,-0.20076106546312797,0.028806542474091576,0.08653940836851058,0.7471547335450242
4.875000000000003,0.48750000000000004,0.0,0.0,-0.012316974205629924,-0.12631247633014034,0.006200169836458411,-0.05709506316335505,-0.21413637372315178,0.031172652758323417,0.07396686682813321,0.7588045792528831
4.907500000000002,0.49075,0.0,0.0,-0.014222572979344875,-0.13345911094922452,0.007247425231773956,-0.060070824691569255,-0.2252774552601213,0.033217521648620234,0.060932953784240455,0.7725403003148202
4.940000000000003,0.49400000000000005,0.0,0.0,-0.01621492666517173,-0.14093072108507118,0.008355516565735438,-0.0624345568010389,-0.23413739047008075,0.03491362912173535,0.04838436425237225,0.7879755569020942
4.972500000000003,0.49725,0.0,0.0,-0.01827437763577894,-0.14865401618869886,0.00951294982193109,-0.06420520755252922,-0.24078528916177175,0.03625440844477914,0.03701235423042041,0.804725794154635
5.0050000000000034,0.5005000000000001,0.0,0.0,-0.020382288603166744,-0.15655945173677732,0.010708312998736685,-0.06542527065560236,-0.2453776019498599,0.03725081045397176,0.027233514990112256,0.8224256940920345
5.037500000000003,0.50375,0.0,0.0,-0.02252167656534015,-0.16458358434514037,0.011930777217989961,-0.06615277207237735,-0.2481286082914252,0.037927039197437104,0.01921782844045745,0.8407416215110917
5.070000000000003,0.507,0.0,0.0,-0.024677597923999185,-0.17267051017294613,0.013170456724237847,-0.06645410338424572,-0.24928400236190468,0.03831624080163854,0.012942648793469904,0.8593792695776576
5.102500000000004,0.5102500000000001,0.0,0.0,-0.02683732247375471,-0.18077252471377703,0.014418635297602279,-0.06639824934099298,-0.24909958936414592,0.038456656401480944,0.008254106532832381,0.8780872172440242
5.135000000000003,0.5135000000000001,0.0,0.0,-0.028990344740943648,-0.1888501817627572,0.01566787891851486,-0.06605254916799605,-0.24782560939712295,0.03838849393986062,0.004923484893531802,0.896657323303819
5.167500000000003,0.51675,0.0,0.0,-0.03112828110506421,-0.19687192935220202,0.01691205948629368,-0.06547987359661547,-0.24569626102300707,0.03815158162249176,0.0026922398614790963,0.9149228858577988
5.200000000000003,0.52,0.0,0.0,-0.03324469494661741,-0.20481347790114074,0.018146314312536292,-0.06473697351597721,-0.24292353350718893,0.03778374664356692,0.0013039617348261626,0.9327553806433656
5.232500000000003,0.52325,0.0,0.0,-0.03533488338437765,-0.21265702410552603,0.01936696318470715,-0.063873722019856,-0.2396943303471502,0.03731980402815607,0.0005243765126320929,0.9500604272124925
5.265000000000003,0.5265000000000001,0.0,0.0,-0.03739565033261984,-0.22039042177931853,0.020571400684542093,-0.06293299068511105,-0.23616993531237968,0.036791023141262355,0.00015177159251006508,0.9667734634680321
5.297500000000003,0.52975,0.0,0.0,-0.03942508285185886,-0.2280063624436523,0.021757977207070938,-0.06195094415197313,-0.23248702960145418,0.036224946311088066,2.050915723650622e-05,0.9828554604392884
5.330000000000003,0.533,0.0,0.0,-0.041422341548069945,-0.23550160565604145,0.022925878325996102,-0.060957586269182275,-0.22875964821605357,0.035645452412648465,2.0074182975552284e-08,0.9982888895579513
5.3625000000000025,0.53625,0.0,0.0,-0.04338745408278763,-0.24287621623633732,0.024074994328275246,-0.05997505350873451,-0.22507243546877853,0.035070914518417776,0.0,1.0130737173772106
5.395000000000003,0.5395000000000001,0.0,0.0,-0.045320891595384896,-0.25013195782102116,0.025205588096251227,-0.05900833475243588,-0.2214445646764366,0.03450561763442979,0.0,1.0272189309115982
5.427500000000003,0.5427500000000001,0.0,0.0,-0.047223164645456256,-0.25727074642158204,0.02631795818392487,-0.0580571982274002,-0.21787517037615617,0.033949432590592965,0.0,1.0407343664415212
5.460000000000003,0.546,0.0,0.0,-0.04909477556303219,-0.26429446716586485,0.027412398332985907,-0.057121392768612236,-0.21436331000401476,0.03340221251606245,0.0,1.0536297378903436
5.492500000000002,0.54925,0.0,0.0,-0.05093621858124559,-0.2712049747959399,0.028489197550395428,-0.056200671259505536,-0.21090805618897723,0.03286381290735769,0.0,1.0659146362860272
5.525000000000003,0.5525000000000001,0.0,0.0,-0.052747979966843196,-0.27800409415788185,0.02954864018470354,-0.055294790566706734,-0.20750849650800626,0.03233409159020363,0.0,1.0775985294700692
5.557500000000003,0.5557500000000001,0.0,0.0,-0.05453053814859301,-0.28469362068365306,0.030591006001136692,-0.05440351147583183,-0.20416373324512066,0.03181290868198706,0.0,1.0886907620219497
5.5900000000000025,0.559,0.0,0.0,-0.05628436384362249,-0.2912753208652214,0.031616570255474964,-0.05352659862831709,-0.2008728831543365,0.03130012655481792,0.0,1.0992005553711444
5.622500000000002,0.56225,0.0,0.0,-0.05800992018171981,-0.2977509327210339,0.03262560376673831,-0.05266382045926843,-0.19763507722643023,0.030795609799186247,0.0,1.1091370080723284
5.655000000000002,0.5655,0.0,0.0,-0.05970766282763184,-0.3041221662549728,0.03361837298870127,-0.05181494913631241,-0.1944494604594608,0.030299225188204767,0.0,1.1185090962225435
5.687500000000003,0.5687500000000001,0.0,0.0,-0.06137804010139077,-0.31039070390791323,0.034595140080255014,-0.050979760499432945,-0.19131519163299057,0.029810841642427893,0.0,1.1273256740017275
5.720000000000002,0.5720000000000001,0.0,0.0,-0.06302149309670108,-0.31655820100200216,0.03555616297463511,-0.05015803400177779,-0.1882314430859461,0.029330330195237845,0.0,1.1355954743203451
5.752500000000002,0.57525,0.0,0.0,-0.06463845579741864,-0.32262628617777733,0.03650169544753364,-0.04934955265141901,-0.18519740049805852,0.02885756395878858,0.0,1.14332710955986
5.785000000000002,0.5785,0.0,0.0,-0.06622935519215198,-0.3285965618242391,0.037431987184113245,-0.04855410295405234,-0.18221226267482765,0.028392418090498778,0.0,1.1505290723935202
5.817500000000003,0.5817500000000001,0.0,0.0,-0.06779461138701645,-0.3344706045019906,0.038347283844941085,-0.0477714748566201,-0.17927524133595188,0.027934769760084858,0.0,1.1572097366764675
5.850000000000002,0.5850000000000001,0.0,0.0,-0.06933463771657083,-0.3402499653595573,0.03924782713085993,-0.04700146169184291,-0.17638556090716853,0.027484498117125434,0.0,1.1633773583954847
5.882500000000002,0.58825,0.0,0.0,-0.07084984085296613,-0.3459361705429967,0.04013385484681385,-0.046243860123645265,-0.17354245831544884,0.027041484259148475,0.0,1.169040076669866
5.915000000000002,0.5915,0.0,0.0,-0.07234062091333461,-0.35153072159890464,0.04100560096464483,-0.04549847009346102,-0.17074518278749487,0.026605611200232984,0.0,1.1742059147958994
5.947500000000002,0.59475,0.0,0.0,-0.07380737156544814,-0.35703509587092647,0.0418632956848774,-0.044765094767404257,-0.16799299565148396,0.0261767638401167,0.0,1.178882781328352
5.980000000000002,0.5980000000000001,0.0,0.0,-0.07525048013167338,-0.36245074688987666,0.042707165497507256,-0.04404354048429164,-0.16528517014200886,0.025754828933801772,0.0,1.1830784711931157
6.012500000000002,0.6012500000000001,0.0,0.0,-0.07667032769125116,-0.36777910475756964,0.04353743324181005,-0.043333616704502746,-0.16262099120816237,0.025339695061650375,0.0,1.1868006668258755
6.045000000000002,0.6045,0.0,0.0,-0.07806728918092776,-0.3730215765244654,0.044354318165186306,-0.04263513595966445,-0.1599997553247145,0.024931252599962248,0.0,1.1900569393322473
6.0775000000000015,0.60775,0.0,0.0,-0.07944173349396355,-0.3781795465612262,0.045158035981057595,-0.04194791380314655,-0.15742077030633408,0.024529393692026603,0.0,1.1928547496654012
6.110000000000002,0.6110000000000001,0.0,0.0,-0.0807940235775462,-0.3832543769242854,0.0459487989258297,-0.04127176876135523,-0.1548833551248045,0.024134012219640552,0.0,1.1952014498176189
6.142500000000002,0.6142500000000001,0.0,0.0,-0.08212451652863328,-0.38824740771552263,0.046726815814937386,-0.040606522285811686,-0.15238683972918587,0.023745003775086707,0.0,1.1971042840227024
6.175000000000002,0.6175,0.0,0.0,-0.08343356368825056,-0.39315995743614335,0.047492292097986125,-0.03995199870600305,-0.14993056486887552,0.023362265633562338,0.0,1.198570389966464
6.207500000000001,0.62075,0.0,0.0,-0.08472151073426981,-0.3979933233348525,0.0482454299130047,-0.03930802518299342,-0.14751388191952094,0.02298569672605305,0.0,1.19960680000293
6.240000000000002,0.6240000000000001,0.0,0.0,-0.08598869777269154,-0.40274878175041706,0.048986428139823505,-0.03867443166378256,-0.14513615271173866,0.022615197612643648,0.0,1.2002204423741218
6.272500000000002,0.6272500000000001,0.0,0.0,-0.08723545942745596,-0.40742758844870613,0.04971548245259234,-0.03805105083640035,-0.14279674936259412,0.022250670456259232,0.0,1.2004181424315779
6.3050000000000015,0.6305000000000001,0.0,0.0,-0.08846212492880688,-0.41203097895429985,0.05043278537145184,-0.03743771808572489,-0.14049505410979726,0.02189201899682948,0.0,1.2002066238579974
6.337500000000001,0.63375,0.0,0.0,-0.08966901820023078,-0.4165601688767515,0.051138526313371915,-0.03683427145001294,-0.13823045914857143,0.021539148525869443,0.0,1.1995925098876137
6.370000000000001,0.637,0.0,0.0,-0.09085645794399477,-0.4210163542315918,0.05183289164217073,-0.03624055157813094,-0.1360023664711513,0.021191965861470034,0.0,1.1985823245240674
6.402500000000002,0.6402500000000001,0.0,0.0,-0.09202475772530584,-0.42540071175615873,0.05251606471772755,-0.03565640168747541,-0.13381018770886782,0.020850379323691624,0.0,1.1971824937547408
6.435000000000001,0.6435000000000001,0.0,0.0,-0.09317422605511333,-0.42971439922033616,0.053188225944402166,-0.03508166752257166,-0.1316533439767791,0.020514298710354317,0.0,1.1953993467606479
6.467500000000001,0.64675,0.0,0.0,-0.09430516647157708,-0.4339585557322849,0.05384955281867411,-0.03451619731433979,-0.12953126572080473,0.020183635273218346,0.0,1.1932391171211236
6.500000000000001,0.65,0.0,0.0,-0.09541787762022212,-0.4381343020392445,0.054500219976013745,-0.03395984174001727,-0.12744339256732493,0.019858301694548528,0.0,1.190707944012664
6.5325000000000015,0.6532500000000001,0.0,0.0,-0.09651265333280158,-0.4422427408234874,0.05514039923699802,-0.03341245388372754,-0.12538917317520348,0.01953821206405639,0.0,1.187811873401395
6.565000000000001,0.6565000000000001,0.0,0.0,-0.09758978270488818,-0.44628495699350185,0.05577025965268276,-0.03287388919768424,-0.12336806509019627,0.01922328185621402,0.0,1.1845568592287221
6.597500000000001,0.6597500000000001,0.0,0.0,-0.09864955017221541,-0.4502620179704826,0.056389967549243795,-0.03234400546402062,-0.12137953460170589,0.018913427907933503,0.0,1.180948764589825
6.630000000000001,0.663,0.0,0.0,-0.0996922355857879,-0.45417497397020257,0.05699968657189838,-0.03182266275723438,-0.11942305660184589,0.018608568396606212,0.0,1.1769933629047413
6.6625000000000005,0.66625,0.0,0.0,-0.10071811428578116,-0.4580248582803417,0.05759957772811868,-0.03130972340723775,-0.11749811444677634,0.01830862281849606,0.0,1.1726963390818255
6.695000000000001,0.6695000000000001,0.0,0.0,-0.10172745717425032,-0.4618126875333453,0.058189799430148834,-0.03080505196300317,-0.1156041998202745,0.018013511967480984,0.0,1.168063290673476
6.727500000000001,0.6727500000000001,0.0,0.0,-0.10272053078666657,-0.4655394619748846,0.058770507536836464,-0.030308515156795047,-0.11374081259950486,0.01772315791413717,0.0,1.1630997290240668
6.760000000000001,0.676,0.0,0.0,-0.10369759736230097,-0.46920616572799,0.05934185539479021,-0.02981998186897785,-0.11190746072295217,0.017437483985160294,0.0,1.1578110804100616
6.7925,0.67925,0.0,0.0,-0.10465891491347337,-0.47281376705292666,0.059903993878873636,-0.02933932309339165,-0.11010366006048386,0.017156414743118582,0.0,1.152202687172356
6.825000000000001,0.6825000000000001,0.0,0.0,-0.1056047372936854,-0.47636321860288144,0.0604570714320465,-0.028866411903285635,-0.10832893428550648,0.016879875966532152,0.0,1.1462798088409394
6.857500000000001,0.6857500000000001,0.0,0.0,-0.10653531426465496,-0.4798554576755281,0.0610012341045638,-0.028401123417800857,-0.10658281474918314,0.0166077946302735,0.0,1.1400476232519978
6.890000000000001,0.6890000000000001,0.0,0.0,-0.10745089156227058,-0.48329140646053853,0.06153662559254314,-0.027943334768993047,-0.10486484035667794,0.016340098886283832,0.0,1.133511227657633
6.9225,0.69225,0.0,0.0,-0.10835171096148237,-0.48667197228310327,0.062063387275910174,-0.02749292506938715,-0.10317455744539557,0.016076718044600313,0.0,1.1266756398283848
6.955,0.6955,0.0,0.0,-0.10923801034014714,-0.48999804784352763,0.06258165825573267,-0.027049775380054767,-0.10151151966518339,0.015817582554689062,0.0,1.1195457991488227
6.987500000000001,0.6987500000000001,0.0,0.0,-0.11011002374184442,-0.49327051145296547,0.06309157539095267,-0.02661376867920613,-0.09987528786046447,0.015562623987079064,0.0,1.1121265677064451
7.0200000000000005,0.7020000000000001,0.0,0.0,-0.11096798143767987,-0.49649022726535313,0.06359327333452652,-0.0261847898312884,-0.09826542995427065,0.015311775015292137,0.0,1.1044227313742088
7.0525,0.70525,0.0,0.0,-0.11181210998709273,-0.4996580455056055,0.06408688456898258,-0.025762725556581965,-0.09668152083414447,0.015064969398064107,0.0,1.0964390008869949
7.085,0.7085,0.0,0.0,-0.1126426322976829,-0.5027748026941332,0.06457253944140556,-0.025347464401286886,-0.0951231422398806,0.014822141961852614,0.0,1.0881800129123853
7.117500000000001,0.7117500000000001,0.0,0.0,-0.11345976768407376,-0.5058413218677414,0.06505036619785713,-0.02493889670809146,-0.09358988265307651,0.01458322858362683,0.0,1.0796503311161236
7.15,0.7150000000000001,0.0,0.0,-0.11426373192582619,-0.5088584127969672,0.06552049101724154,-0.02453691458721524,-0.09208133718846365,0.014348166173934624,0.0,1.070380048083995
7.1825,0.71825,0.0,0.0,-0.11505473732441923,-0.5118268721999149,0.06598303804462557,-0.02414141188791872,-0.09059710748698985,0.014116892660242606,0.0,1.056206698463593
7.215,0.7215,0.0,0.0,-0.11583299275931208,-0.5147474839526437,0.06643812942402129,-0.02375228417047229,-0.08913680161062545,0.013889346970544753,0.0,1.0422618045446206
7.2475000000000005,0.7247500000000001,0.0,0.0,-0.11659870374310259,-0.5176210192961649,0.06688588533064035,-0.023369428678577036,-0.08770003393886486,0.01366546901723522,0.0,1.0285416839225006
7.28,0.7280000000000001,0.0,0.0,-0.11735207247579653,-0.5204482370401017,0.06732642400262853,-0.02299274431223007,-0.08628642506689647,0.013445199681241133,0.0,1.0150427135481608
7.3125,0.7312500000000001,0.0,0.0,-0.11809329789820232,-0.5232298837630671,0.06775986177228864,-0.022622131601027173,-0.08489560170541377,0.013228480796411077,0.0,1.0017613287713012
7.345,0.7345,0.0,0.0,-0.11882257574446496,-0.5259666910898696,0.06818631309680023,-0.02225749267789585,-0.08352676571196894,0.013015255134155284,3.654271826499051e-07,0.9886940363407793
7.3774999999999995,0.73775,0.0,0.0,-0.1195400985937532,-0.528659324977986,0.06860589058844406,-0.021898731253251733,-0.08217651939458055,0.012805466388333369,3.613928829469988e-06,0.9758376565438652
7.41,0.7410000000000001,0.0,0.0,-0.12024605935740346,-0.5313083394414402,0.06901871202801187,-0.021546354070060093,-0.08084402816909088,0.012600286528884407,1.5495807288810036e-05,0.9631895441584454
7.4425,0.7442500000000001,0.0,0.0,-0.12094073763634058,-0.5339146682531245,0.06942507792818314,-0.021205657815618263,-0.07955630397586579,0.012410804068386606,6.206141949792018e-05,0.9507452407473738
7.475,0.7475,0.0,0.0,-0.12162463755212026,-0.5364804408279261,0.06982576435913805,-0.020884407868151527,-0.07835567880410162,0.012253709598610168,0.00018258135273518372,0.9384945791034949
7.507499999999999,0.75075,0.0,0.0,-0.12229852407264737,-0.5390092336325641,0.07022211871249678,-0.020590862081413197,-0.07728872281756458,0.012147425133796458,0.00042171443385535394,0.9264204828560941
7.54,0.7540000000000001,0.0,0.0,-0.1229634376855156,-0.5415062020365496,0.07061611449568159,-0.020333708590695665,-0.07640599220157837,0.012112052275435542,0.0008291496299330333,0.9144983369289369
7.5725,0.7572500000000001,0.0,0.0,-0.12362070728972308,-0.5439782048542032,0.07101040479862661,-0.020121991766214233,-0.07576167460255978,0.012169287333756768,0.0014587215790899811,0.902695392895937
7.6049999999999995,0.7605000000000001,0.0,0.0,-0.12427195997529487,-0.5464339124696906,0.07140837131425201,-0.01996499351285142,-0.07541292266069229,0.012342228489115982,0.0023668149340721973,0.89097025272214
7.637499999999999,0.76375,0.0,0.0,-0.12491912612101308,-0.5488838873469027,0.07181416499644663,-0.019872062725714682,-0.07541881026335608,0.01265504979880923,0.0036099368880753865,0.879272484357362
7.669999999999999,0.767,0.0,0.0,-0.1255644380223183,-0.5513406236277991,0.07223273362135968,-0.01985238685119558,-0.07583884894052749,0.013132517339178779,0.0052413921396501405,0.8675424326680263
7.7025,0.7702500000000001,0.0,0.0,-0.12621042010021136,-0.5538185306452778,0.07266983076389628,-0.01991470192631695,-0.076731013109675,0.013799326431485837,0.0073070917053410876,0.8557112981574118
7.734999999999999,0.7735000000000001,0.0,0.0,-0.1268598686853112,-0.5563338438458548,0.07313200013503447,-0.020066941536329864,-0.0781492457496908,0.014679247001567036,0.009840672365897717,0.8437015622785277
7.767499999999999,0.77675,0.0,0.0,-0.1275158194774319,-0.5589044462578007,0.07362652901172476,-0.02031583111865367,-0.08014045337604396,0.015794077891030777,0.012858295040771326,0.8314278398609738
7.799999999999999,0.78,0.0,0.0,-0.12818150111437557,-0.5615495847525149,0.07416136482912279,-0.020666442013060254,-0.0827410525790064,0.017162431209718644,0.016353712457851447,0.8187982338630809
7.8325,0.7832500000000001,0.0,0.0,-0.12886027390465585,-0.5642894684503306,0.07474499010861839,-0.021121729294007754,-0.08597319912186223,0.01879839455355424,0.020294415157540317,0.8057162528429531
7.864999999999999,0.7865000000000001,0.0,0.0,-0.1295555537291065,-0.5671447421521312,0.07538625295471243,-0.021682087843527154,-0.08984091001741021,0.02071015058973845,0.024619825968810353,0.7920833251372973
7.897499999999999,0.7897500000000001,0.0,0.0,-0.13027072239792245,-0.5701358358375245,0.07609415347827754,-0.022344970774041756,-0.09432636926033362,0.022898666584916984,0.02924254701708668,0.7778019047788584
7.929999999999999,0.793,0.0,0.0,-0.13100902730310368,-0.5732822018493829,0.07687759064985325,-0.0231046209767008,-0.09938677355237256,0.025356595102666767,0.0340534995670563,0.7627791136719501
7.9624999999999995,0.7962500000000001,0.0,0.0,-0.1317734748927298,-0.5766014635962793,0.07774507898938857,-0.023951967658001134,-0.10495210572032002,0.02806754363940469,0.038931388957158405,0.7469308062389183
7.994999999999999,0.7995000000000001,0.0,0.0,-0.13256672409117698,-0.5801085119994283,0.0787044496299812,-0.024874732843501314,-0.11092420037207779,0.031005867194048378,0.04375628201400641,0.7301858835682075
8.0275,0.8027500000000001,0.0,0.0,-0.13339098701324748,-0.5838145964544562,0.0797625548794126,-0.025857776623409216,-0.11717737401080137,0.034137107255075495,0.04842628813085064,0.7124906337521955
8.059999999999999,0.806,0.0,0.0,-0.13424794487049432,-0.587726463448249,0.0809249985302216,-0.02688368496676454,-0.12356072843030101,0.03741914163713774,0.05287555287496568,0.6938128446887909
8.092499999999998,0.80925,0.0,0.0,-0.13513868660339937,-0.5918455960723017,0.08219591497269885,-0.027933573292238046,-0.1299020182724854,0.040804027192707995,0.0570912162480762,0.6741454351377185
8.124999999999998,0.8125000000000001,0.0,0.0,-0.13606367639055159,-0.5961676002704612,0.08357781807554379,-0.028988048016146687,-0.13601273710390335,0.044240424468373306,0.06112684741352776,0.6535093851716881
8.157499999999999,0.8157500000000001,0.0,0.0,-0.1370227538808068,-0.6006817689304961,0.08507153576228169,-0.03002824358332447,-0.14169387088102384,0.047676408257235306,0.06511023361856995,0.6319558174858362
8.189999999999998,0.8190000000000001,0.0,0.0,-0.1380151680714954,-0.6053708347329337,0.08667623880208543,-0.031036840017193423,-0.14674164453083458,0.05106241005311812,0.06924420522416667,0.6095671774576027
8.222499999999997,0.82225,0.0,0.0,-0.13903964267869368,-0.6102109003650044,0.08838956369009798,-0.03199896929633846,-0.15095258541356588,0.054354022108009076,0.07380019602056995,0.5864575663506055
8.254999999999997,0.8255000000000001,0.0,0.0,-0.14009446813295737,-0.6151715145588609,0.09020782107727807,-0.03290293765847668,-0.15412736264975557,0.05751442303705668,0.07910515302732699,0.562772378258883
8.287499999999998,0.8287500000000001,0.0,0.0,-0.1411776134356712,-0.6202158488004187,0.09212627446389718,-0.033740721365694504,-0.15607312518683014,0.060516255530568906,0.08552292678203202,0.538687456384334
8.319999999999997,0.8320000000000001,0.0,0.0,-0.14228685030801583,-0.6253009262818833,0.09413946988137911,-0.034508229303546564,-0.15660442911984282,0.06334288281790927,0.09343122220219388,0.5144079998689228
8.352499999999996,0.83525,0.0,0.0,-0.14341988242359224,-0.6303778646472107,0.09624159658336492,-0.035205360464719906,-0.15554328836560244,0.06598905360562805,0.10319459593461874,0.4901674047704805
8.384999999999994,0.8385,0.0,0.0,-0.14457447391165953,-0.6353921194248188,0.09842686129800994,-0.03583591286744808,-0.15271938246501315,0.06846109893188382,0.1151330894211871,0.46622610175712614
8.417499999999995,0.8417500000000001,0.0,0.0,-0.14574857350338272,-0.6402837573574471,0.10068986387044516,-0.03640742037548501,-0.14797199698223146,0.07077685855163256,0.12948534865183609,0.4428702510533174
8.449999999999996,0.8450000000000001,0.0,0.0,-0.1469404333866422,-0.6449878490552919,0.10302596944608174,-0.036931005416815176,-0.14115582160647444,0.07296558616967085,0.14636520017026972,0.420409867659231
8.482499999999995,0.8482500000000001,0.0,0.0,-0.14814872479083824,-0.649435147270691,0.10543168101221244,-0.03742134059635453,-0.13215317630381307,0.07506811454359313,0.16571257701648087,0.39917558282769544
8.514999999999993,0.8515,0.0,0.0,-0.14937265536357275,-0.6535533032665456,0.10790502554131448,-0.03789681263746185,-0.12089529714252625,0.07713757689864083,0.18724448395953622,0.37951283633278166
8.547499999999994,0.8547500000000001,0.0,0.0,-0.1506120963893305,-0.6572689488689782,0.11044597664459191,-0.03837997822499448,-0.1073944627906038,0.07924097956294947,0.21041994185719343,0.3617719354006371
8.579999999999995,0.8580000000000001,0.0,0.0,-0.15186773065359166,-0.6605109945827723,0.11305694584914544,-0.03889838976232714,-0.09178625150126998,0.08146189080900164,0.23444319796596305,0.34629230736823063
8.612499999999994,0.8612500000000001,0.0,0.0,-0.15314123389700363,-0.6632154010847728,0.11574338202561528,-0.039485840986716876,-0.07437655487743398,0.08390442429271389,0.25833646178755465,0.3333797174805332
8.644999999999992,0.8645,0.0,0.0,-0.15443550356768157,-0.6653314066699577,0.1185145215389132,-0.04018402271274091,-0.055681712590605725,0.08669850379168523,0.28110649983016706,0.32327653502576625
8.677499999999991,0.86775,0.0,0.0,-0.1557549466205567,-0.666828722449948,0.12138432593533291,-0.04104446761899221,-0.03644497486783645,0.09000603455870566,0.30199759272281473,0.3161273787931179
8.709999999999992,0.8710000000000001,0.0,0.0,-0.15710583141549464,-0.6677046480118801,0.12437262281885773,-0.0421304799058613,-0.017612987337575044,0.09402701106503111,0.3207679113353499,0.3119451423042564
8.742499999999993,0.8742500000000001,0.0,0.0,-0.15849669478620518,-0.6679896587854176,0.12750642072548957,-0.043518480227841085,-0.0002653397960110035,0.09900372821948088,0.3378735055624408,0.31058431610096837
8.774999999999991,0.8775000000000001,0.0,0.0,-0.1599387715377175,-0.6677500355103647,0.13082129204491316,-0.04529786159635866,0.014494338696512094,0.10522017903030452,0.35443682723800024,0.31172843296210445
8.80749999999999,0.88075,0.0,0.0,-0.16144637851706434,-0.6670866043088496,0.13436260481011728,-0.0475681067312749,0.0256649536922203,0.1129926125284146,0.37193912784195954,0.3148960836157803
8.839999999999991,0.8840000000000001,0.0,0.0,-0.16303714065169486,-0.6661293789633248,0.13818624026534382,-0.05043170280124852,0.03247057912553711,0.12264655546639726,0.391684516609897,0.3194664979775738
8.872499999999992,0.8872500000000001,0.0,0.0,-0.16473190020723066,-0.6650284638271109,0.14235828577963988,-0.053981575745322856,0.03446679376149668,0.1344762454296748,0.41418556214991165,0.32472298055316773
8.90499999999999,0.8905000000000001,0.0,0.0,-0.1665541222940623,-0.6639418188831949,0.14695310478842932,-0.05828275384893159,0.03162702021521285,0.14868566304513214,0.4386803471404901,0.329911327979469
8.93749999999999,0.89375,0.0,0.0,-0.16852863180714592,-0.6630206037368831,0.1520492615795117,-0.06335011417146934,0.02440347203408039,0.16531729703390038,0.46299837234784236,0.3343098063050685
8.96999999999999,0.8970000000000001,0.0,0.0,-0.17067962665651715,-0.6623931650861832,0.1577231369727699,-0.06912719721047991,0.013745833691903053,0.18418482426756833,0.48392918928329465,0.33730560518744257
9.00249999999999,0.9002500000000001,0.0,0.0,-0.17302812376657742,-0.6621494632295748,0.16404075417513772,-0.07547389033526773,0.0010511880084234908,0.2048347812294094,0.4980805613860725,0.3384691958410394
9.03499999999999,0.9035000000000001,0.0,0.0,-0.17558925992354882,-0.6623285381197627,0.17104918353393514,-0.08217086378664697,-0.011974259386028684,0.22656228791557775,0.5029608159009515,0.3376141762223283
9.067499999999988,0.9067500000000001,0.0,0.0,-0.17837006398833974,-0.6629118294706219,0.17876950612667156,-0.08894405229959129,-0.02353246363796821,0.2484908632435325,0.4978203135081266,0.3348291651697685
9.099999999999987,0.91,0.0,0.0,-0.18136829543348523,-0.6638242628380578,0.18719322785463868,-0.09550429050034756,-0.03198431367271019,0.2697000420072645,0.4838307363699494,0.330472616749686
9.132499999999988,0.9132500000000001,0.0,0.0,-0.18457265944785084,-0.6649431575752018,0.1962831067012267,-0.1015901224415452,-0.036069975791391796,0.28936205286467237,0.46351027607494766,0.3251302879032068
9.164999999999988,0.9165000000000001,0.0,0.0,-0.18796428212521743,-0.6661130808597368,0.2059779848057468,-0.1070006822944029,-0.03504890551453047,0.3068457155532588,0.4397061684844826,0.31954431569004565
9.197499999999987,0.9197500000000001,0.0,0.0,-0.1915189777336356,-0.6671636943400979,0.2162001025778842,-0.11161093539409526,-0.028744409190454453,0.3217633997659267,0.4146374862763993,0.31452800582969187
9.229999999999986,0.923,0.0,0.0,-0.1952097170799655,-0.6679276723053916,0.2268629980771047,-0.1153693907087178,-0.01750718013042784,0.33396202719977996,0.38938861639528866,0.3108802797419984
9.262499999999987,0.9262500000000001,0.0,0.0,-0.19900880992317474,-0.6682564411898155,0.2378784451917468,-0.11828395504981509,-0.0021212943443760027,0.343476687621545,0.3639641100259816,0.3093105239492722
9.294999999999987,0.9295000000000001,0.0,0.0,-0.20288953328307346,-0.6680321842280147,0.2491615933615551,-0.12040309419498364,0.016329146983171377,0.35046990849015836,0.33775589776125287,0.31038127206907346
9.327499999999986,0.9327500000000001,0.0,0.0,-0.20682715140726116,-0.6671750669773964,0.2606341553812746,-0.12179796799732011,0.03661805690002573,0.3551745765053538,0.3101382442626285,0.31447370548643067
9.359999999999985,0.936,0.0,0.0,-0.2107994166490827,-0.6656451944015955,0.2722259424098735,-0.12254866561098568,0.05753928058438204,0.35785026882146737,0.2809161527771023,0.3217783089686137
9.392499999999984,0.93925,0.0,0.0,-0.21478670406272254,-0.6634396323480292,0.28387524056665797,-0.12273543756504054,0.07804343610760178,0.35875562536196914,0.2504798627713162,0.3323090920622437
9.424999999999985,0.9425000000000001,0.0,0.0,-0.21877193623482563,-0.6605857606080152,0.29552852871247615,-0.12243439590297983,0.0973236021617556,0.358134904338332,0.21968488828006544,0.34593532589344833
9.457499999999985,0.9457500000000001,0.0,0.0,-0.22274042521629883,-0.6571328280899429,0.3071399381761953,-0.12171649707024827,0.11484046396025908,0.35621485094397576,0.1895892757557442,0.362421864245867
9.489999999999984,0.9490000000000001,0.0,0.0,-0.22667971697625244,-0.6531435506672871,0.3186707213419552,-0.12064851216660026,0.13029756680281676,0.35320773135815003,0.16119159084392967,0.3814692608812838
9.522499999999983,0.95225,0.0,0.0,-0.23057948441172882,-0.6486870295353144,0.33008887071893683,-0.11929488976809877,0.14358867696559677,0.3493170726030851,0.13525416237320287,0.4027475818956921
9.554999999999984,0.9555000000000001,0.0,0.0,-0.23443148450290907,-0.6438335338305423,0.34136893448633443,-0.11771974119207755,0.15473873157806178,0.34474370604614835,0.11222722023516561,0.425921316876385
9.587499999999984,0.9587500000000001,0.0,0.0,-0.23822957558154487,-0.638651105503659,0.35249201373317274,-0.1159885047807691,0.16385234007643873,0.3396907547207626,0.0922487761344459,0.4506655894396733
9.619999999999983,0.9620000000000001,0.0,0.0,-0.2419697807844187,-0.6332036292484515,0.36344589663759735,-0.11416911125047176,0.17107551330063006,0.33436703860701283,0.07518526951081457,0.47667537264143317
9.652499999999982,0.96525,0.0,0.0,-0.24565038118299432,-0.6275499267010637,0.3742252776651377,-0.11233182551859017,0.17657171335664867,0.32898644285329026,0.06068846500257363,0.5036698138570737
9.684999999999983,0.9685000000000001,0.0,0.0,-0.24927166290947986,-0.6217430241172194,0.3848309327256347,-0.1105211846553474,0.18054238326148878,0.32368361532304174,0.048410622632421,0.5313957313652312
9.717499999999983,0.9717500000000001,0.0,0.0,-0.25283457435095474,-0.6158286075310163,0.39526563861526814,-0.10873972893460995,0.18322583835282777,0.318466262378225,0.03814815680751005,0.5596349904211986
9.749999999999982,0.9750000000000001,0.0,0.0,-0.25634005635942353,-0.6098449783833186,0.4055321508091922,-0.10698698793037556,0.1848344932058,0.313333006281263,0.029679434093150728,0.5882047151157435
9.782499999999981,0.9782500000000001,0.0,0.0,-0.25978903462159786,-0.6038240150769456,0.4156331803679371,-0.1052624987992884,0.1855515200759384,0.3082824915018905,0.022774317294118593,0.6169526972872691
9.81499999999998,0.9815,0.0,0.0,-0.26318241990334035,-0.5977920850650937,0.42557139465331273,-0.10356580615841715,0.18553336688810407,0.30331338435920274,0.01721043859976831,0.6457530416203865
9.84749999999998,0.9847500000000001,0.0,0.0,-0.2665211082901694,-0.5917708637071349,0.43534941803277516,-0.10189646196500264,0.1849128608874161,0.2984243726694715,0.012782051149472664,0.6745022558974756
9.879999999999981,0.9880000000000001,0.0,0.0,-0.26980598142388634,-0.585778050174372,0.4449698325724376,-0.10025402539814418,0.18380237838339022,0.2936141653996403,0.009304097293074918,0.7031158328004924
9.91249999999998,0.9912500000000001,0.0,0.0,-0.2730379067353896,-0.5798279830924953,0.4544351787189133,-0.09863806274239256,0.1822968155154236,0.2888814923264025,0.00661333767485396,0.7315253104347639
9.944999999999979,0.9945,0.0,0.0,-0.276217737673736,-0.5739321645638922,0.4637479559701678,-0.09704814727321937,0.18047624466220327,0.2842251037007752,0.004567771922419861,0.7596757703067629
9.97749999999998,0.9977500000000001,0.0,0.0,-0.2793463139315092,-0.5680997034705655,0.4729106235355564,-0.09548385914433274,0.1784082243703032,0.2796437699180809,0.00304514321813628,0.787523720708586
10.00999999999998,1.0010000000000001,0.0,0.0,-0.28242446166655577,-0.5623376892189246,0.48192560098522214,-0.09394478527680947,0.1761497738363093,0.275136281193248,0.001941020197274705,0.815035312218024
10.042499999999979,1.00425,0.0,0.0,-0.2854529937201473,-0.5566515063582416,0.49079526888902875,-0.0924305192500137,0.17374904293358315,0.2707014472413447,0.0011667526299067455,0.8421848355060875
10.074999999999978,1.0075,0.0,0.0,-0.28843270983162667,-0.5510450993568774,0.4995219694451947,-0.09094066119427405,0.17124671587302628,0.2663380969632617,0.0006474708167297493,0.868953457123651
10.107499999999977,1.01075,0.0,0.0,-0.2913643968495931,-0.5455211955640157,0.5081080070987921,-0.08947481768529084,0.1686771869431765,0.26204507813646305,0.00032021922765440916,0.8953281549375913
10.139999999999976,1.014,0.0,0.0,-0.29424882893968435,-0.5400814931763415,0.5165556491502779,-0.0880326016402452,0.16606954389282377,0.2578212571107202,0.000132266286853314,0.9213008206560055
10.172499999999975,1.01725,0.0,0.0,-0.29708676778900917,-0.534726819939382,0.5248671263542162,-0.0866136322155828,0.16344839033907305,0.253665518508751,3.9603311255357277e-05,0.9468675020851249
10.204999999999977,1.0205000000000002,0.0,0.0,-0.2998789628072851,-0.5294572673657131,0.5330446335083507,-0.08521753470644483,0.16083453413225007,0.2495767649316837,5.629151932952311e-06,0.9720277622845857
10.237499999999976,1.0237500000000002,0.0,0.0,-0.30262615132473253,-0.5242723044464939,0.5410903300331781,-0.08384394044772112,0.15824556439289503,0.24555391666927,8.341259945921875e-09,0.9967841366348433
10.269999999999975,1.0270000000000001,0.0,0.0,-0.3053290587867822,-0.519170884243576,0.5490063405421872,-0.08249248671669628,0.15569487458706188,0.24159591141476547,0.0,1.02114162389734
10.302499999999974,1.03025,0.0,0.0,-0.307988398945641,-0.5141516922056415,0.5567947554028989,-0.08116281663726686,0.15318527856809463,0.2377017039844096,0.0,1.0451065005922833
10.334999999999972,1.0335,0.0,0.0,-0.31060487404877174,-0.5092134029231139,0.564457631288867,-0.0798545790857015,0.15071613392683086,0.23387026604142558,0.0,1.068685095084243
10.367499999999971,1.03675,0.0,0.0,-0.3131791750243343,-0.5043547123502857,0.57199699172278,-0.07856742859792021,0.14828678864041678,0.23010058582446904,0.0,1.091883633732831
10.39999999999997,1.04,0.0,0.0,-0.315711981663638,-0.4995743374609462,0.57941482761081,-0.07730102527826835,0.14589660119574702,0.22639166788045403,0.0,1.1147082425369537
10.432499999999969,1.04325,0.0,0.0,-0.3182039628006529,-0.4948710159095748,0.5867130977683475,-0.0760550347097609,0.1435449404200613,0.22274253280168532,0.0,1.1371649487524957
10.464999999999968,1.0465,0.0,0.0,-0.3206557764886276,-0.4902435056979957,0.5938937294372624,-0.07482912786577355,0.14123118531427176,0.2191522169672279,0.0,1.159259682483927
10.49749999999997,1.0497500000000002,0.0,0.0,-0.3230680701738606,-0.48569058484740507,0.6009586187948285,-0.07362298102315704,0.13895472488897645,0.21561977228844484,0.0,1.1809982782502564
10.52999999999997,1.0530000000000002,0.0,0.0,-0.32544148086666924,-0.4812110510756871,0.6079096314544408,-0.07243627567675272,0.13671495800311748,0.2121442659586387,0.0,1.2023864765257362
10.562499999999968,1.0562500000000001,0.0,0.0,-0.32777663530960555,-0.4768037214799265,0.6147486029582692,-0.07126869845528457,0.13451129320523716,0.20872478020672447,0.0,1.2234299252557514
10.594999999999967,1.0595,0.0,0.0,-0.330074150142958,-0.472467432224043,0.6214773392619642,-0.07011994103860836,0.13234314857729543,0.2053604120548769,0.0,1.2441341813482554
10.627499999999966,1.06275,0.0,0.0,-0.3323346320675869,-0.46820103823145914,0.6280976172115534,-0.0689897000762939,0.13020995158100349,0.20205027308008228,0.0,1.264504712141174
10.659999999999965,1.066,0.0,0.0,-0.33455867800513506,-0.4640034128827213,0.6346111850126499,-0.06787767710751982,0.12811113890663456,0.19879348917953404,0.0,1.2426304977986213
10.692499999999963,1.06925,0.0,0.0,-0.3367468752556556,-0.4598734477179956,0.6410197626920981,-0.06678357848225955,0.1260461563242717,0.19558920033980992,0.0,1.2181515342176796
10.724999999999962,1.0725,0.0,0.0,-0.33889980165269956,-0.4558100521443586,0.6473250425521786,-0.06570711528373757,0.12401445853745321,0.1924365604097697,0.0,1.1940671392422497
10.757499999999961,1.07575,0.0,0.0,-0.3410180257159032,-0.4518121531478063,0.6535286896174911,-0.06464800325213578,0.12201550903917709,0.18933473687711347,0.0,1.1703709529468413
10.789999999999964,1.0790000000000002,0.0,0.0,-0.34310210680111625,-0.44787869500990485,0.6596323420746357,-0.06360596270952924,0.12004877997022634,0.1862829106485412,0.0,1.1470567179195719
10.822499999999962,1.0822500000000002,0.0,0.0,-0.3451525952481095,-0.4440086390290101,0.6656376117048033,-0.06258071848603264,0.11811375197977898,0.18328027583345743,0.0,1.1241182776097924
10.854999999999961,1.0855000000000001,0.0,0.0,-0.34717003252590295,-0.44020096324597735,0.6715460843093997,-0.06157199984713591,0.1162099140882626,0.18032603953115922,0.0,1.1015495747023232
10.88749999999996,1.08875,0.0,0.0,-0.3491549513757501,-0.4364546621742956,0.6773593201288033,-0.06057954042221233,0.11433676355242174,0.17741942162145743,0.0,1.0793446495179162
10.919999999999959,1.092,0.0,0.0,-0.3511078759518181,-0.43276874653457037,0.6830788542543753,-0.059603078134178325,0.1124938057325591,0.1745596545586714,0.0,1.0574976384394947
10.952499999999958,1.09525,0.0,0.0,-0.35302932195960024,-0.42914224299328596,0.6887061970338292,-0.05864235513028724,0.1106805539619169,0.17174598316894446,0.0,1.036002772363753
10.984999999999957,1.0985,0.0,0.0,-0.35491979679209756,-0.4255741939057793,0.6942428344700652,-0.057697117714038584,0.10889652941816355,0.16897766445082646,0.0,1.0148543751777226
11.017499999999956,1.10175,0.0,0.0,-0.3567797996638051,-0.422063657063356,0.6996902286135769,-0.05676711627818484,0.10714126099695193,0.16625391185912275,5.3060451753928265e-08,0.9940468622598891
11.049999999999958,1.1050000000000002,0.0,0.0,-0.3586098217425388,-0.41860970544448295,0.7050497873165594,-0.05585210523881799,0.10541428518751539,0.1635712822194195,4.7383021032106475e-06,0.9735748560109885
11.082499999999957,1.1082500000000002,0.0,0.0,-0.3604103462791368,-0.4152114269699923,0.7103227168013202,-0.054951842970518985,0.10371514595027007,0.16092139824959104,2.6476666930381684e-05,0.9534337490011963
11.114999999999956,1.1115000000000002,0.0,0.0,-0.3621818487350717,-0.41186792426222835,0.7155099357002391,-0.05406609174255154,0.10204339459638809,0.15829527318663272,7.832149289922427e-05,0.9336200323132927
11.147499999999955,1.1147500000000001,0.0,0.0,-0.36392479690800406,-0.40857831440807996,0.7206120679011124,-0.05319461765608536,0.10039858966931388,0.1556837534080334,0.00017315527851750358,0.9141313228714372
11.179999999999954,1.118,0.0,0.0,-0.36563965105531315,-0.40534172872583074,0.7256294369148198,-0.052337190582430804,0.09878029682818926,0.15307750590161479,0.0003236817586303373,0.8949663849550937
11.212499999999952,1.12125,0.0,0.0,-0.3673268640156364,-0.4021573125357678,0.7305620598735342,-0.05149358410226917,0.0971880887331578,0.15046700815944533,0.0005424044597676421,0.8761251531241827
11.244999999999951,1.1245,0.0,0.0,-0.3689868813284497,-0.399024224934488,0.7354096412485671,-0.05066357544586251,0.0956215449325179,0.1478425411495155,0.0008415901675861595,0.857608756215142
11.27749999999995,1.12775,0.0,0.0,-0.3706201413517202,-0.3959416385728418,0.7401715664001282,-0.04984694543422724,0.09408025175169481,0.14519418614033697,0.0012332156006725143,0.8394195419790325
11.309999999999949,1.131,0.0,0.0,-0.3722270753776629,-0.3929087394374568,0.7448468950986277,-0.0490434784212559,0.09256380218400229,0.14251182628898257,0.001728895479043358,0.8215611018283382
11.342499999999951,1.1342500000000002,0.0,0.0,-0.37380810774663126,-0.38992472663578204,0.7494343551891236,-0.048252962236771745,0.0910717957831649,0.13978515405130526,0.0023397901201588794,0.8040382950369969
11.37499999999995,1.1375000000000002,0.0,0.0,-0.37536365595917137,-0.3869888121845992,0.753932336607474,-0.047475188130501694,0.08960383855757348,0.13700368563186083,0.003076490713278515,0.7868572715970137
11.40749999999995,1.1407500000000002,0.0,0.0,-0.3768941307862718,-0.384100220801939,0.758338885999013,-0.04670995071695148,0.08815954286624339,0.1341567838563357,0.003948880543363552,0.7700254927736054
11.439999999999948,1.1440000000000001,0.0,0.0,-0.3783999363778344,-0.3812581897023554,0.7626517022381885,-0.045957047921170176,0.0867385273164516,0.13123369101465557,0.004965970693414781,0.7535517482189229
11.472499999999947,1.14725,0.0,0.0,-0.3798814703693977,-0.3784619683954976,0.766868133200513,-0.04521628092538854,0.08534041666302268,0.12822357337895687,0.006135709190184539,0.737446168302291
11.504999999999946,1.1505,0.0,0.0,-0.3813391239871397,-0.3757108184879293,0.7709851741958027,-0.044487454116517534,0.08396484170923851,0.12511557923408662,0.007464763219021079,0.7217202300947949
11.537499999999945,1.15375,0.0,0.0,-0.3827732821511886,-0.3730040134881425,0.7749994685330623,-0.043770375034493096,0.0826114392093451,0.12189891235153603,0.008958274969129829,0.7063867552115787
11.569999999999943,1.157,0.0,0.0,-0.38418432357726773,-0.37034083861471406,0.7789073107508236,-0.043064854321453544,0.08127985177263089,0.11856292286784648,0.010619592930851669,0.691459897472861
11.602499999999942,1.16025,0.0,0.0,-0.38557262087670247,-0.36772059060755463,0.7827046531097729,-0.042370705671736175,0.07996972776905117,0.11509721746706658,0.01244998209647207,0.6769551181039247
11.634999999999945,1.1635000000000002,0.0,0.0,-0.3869385406548153,-0.36514257754219964,0.786387116003588,-0.04168774578267975,0.07868072123637367,0.11149179057969621,0.014448318547149947,0.6628891459686488
11.667499999999944,1.1667500000000002,0.0,0.0,-0.38828244360773406,-0.362606118647095,0.7899500029943453,-0.041015794306220384,0.07741249178882136,0.10773717795879996,0.01661077634821777,0.649279920138485
11.699999999999942,1.1700000000000002,0.0,0.0,-0.3896046846176411,-0.3601105441238254,0.7933883212146279,-0.04035467380126688,0.07616470452718657,0.103824633435606,0.018930517492768133,0.6361465119621432
11.732499999999941,1.1732500000000001,0.0,0.0,-0.3909056128464859,-0.35765519497024284,0.7966968078921484,-0.03970420968684447,0.07493702995039528,0.0997463288503071,0.02139739874409736,0.6235090237489976
11.76499999999994,1.1765,0.0,0.0,-0.392185571828188,-0.3552394228064446,0.7998699637356502,-0.039064230195993414,0.07372914386849615,0.09549557606265464,0.02399771247435252,0.6113884612443355
11.797499999999939,1.17975,0.0,0.0,-0.39344489955935313,-0.3528625897035569,0.8029020938633573,-0.03843456633041083,0.07254072731705227,0.09106706854790017,0.02671398173473051,0.599806577294197
11.829999999999938,1.183,0.0,0.0,-0.3946839285885277,-0.35052406801527786,0.8057873568472239,-0.03781505181582354,0.07137146647291276,0.08645713837534631,0.02952483247846249,0.5887856845101384
11.862499999999937,1.18625,0.0,0.0,-0.39590298610401403,-0.3482232402121363,0.808519822278051,-0.03720552305808037,0.07022105257134197,0.08166402238113382,0.032404967650213494,0.5783484353866859
11.894999999999936,1.1895,0.0,0.0,-0.39710239402027064,-0.34595949871842147,0.8110935370202725,-0.03660581909995205,0.06908918182448455,0.07668812916050075,0.03532526823326715,0.5685175692266928
11.927499999999938,1.1927500000000002,0.0,0.0,-0.3982824690629197,-0.3437322457517415,0.813502600016335,-0.03601578157862751,0.06797555534114456,0.071532296248834,0.03825304475037356,0.559315626409658
11.959999999999937,1.1960000000000002,0.0,0.0,-0.3994435228523837,-0.34154089316516895,0.8157412451197682,-0.035435254683895495,0.06687987904785828,0.06620202472685874,0.041152458620653455,0.5507646319927014
11.992499999999936,1.1992500000000001,0.0,0.0,-0.4005858619861754,-0.3393848622919283,0.8178039309911683,-0.03486408511699965,0.06580186361123797,0.060705676722446304,0.04398512579253255,0.542885752333202
12.024999999999935,1.2025000000000001,0.0,0.0,-0.4017097881198598,-0.3372635837925896,0.8196854365990878,-0.034302122050157445,0.0647412243615686,0.055054620182867185,0.04671090506506351,0.53569893030227
12.057499999999933,1.20575,0.0,0.0,-0.4028155980467122,-0.3351764975047233,0.8213809603549013,-0.03374921708673126,0.06369768121763546,0.049263305165289414,0.04928886071985023,0.5292225066174511
12.089999999999932,1.209,0.0,0.0,-0.40390358377609165,-0.33312305229497957,0.8228862204133823,-0.033205224222041536,0.06267095861276362,0.043349257021393695,0.051678374233739666,0.5234728367227457
12.122499999999931,1.21225,0.0,0.0,-0.40497403261055154,-0.33110270591355123,0.8241975532333098,-0.032669999804811584,0.06166078542204946,0.03733297443390325,0.05384036416639243,0.5184639143148235
12.15499999999993,1.2155,0.0,0.0,-0.4060272272217071,-0.32911492485098276,0.8253120071636055,-0.03214340249923381,0.06066689489076521,0.031237724359435542,0.055738558516591576,0.5142070138703094
12.187499999999929,1.21875,0.0,0.0,-0.40706344572487985,-0.3271591841972873,0.8262274276479962,-0.03162529324764742,0.05968902456391746,0.02508923141550191,0.057340751906923615,0.510710365187949
12.219999999999931,1.2220000000000002,0.0,0.0,-0.4080829617525394,-0.3252349675033344,0.8269425306650755,-0.031115535233817646,0.058726916216941025,0.018915265776674628,0.05861997288408776,0.5079788728682345
12.25249999999993,1.2252500000000002,0.0,0.0,-0.40908604452656044,-0.32334176664447317,0.8274569612664222,-0.030613993846807123,0.05778031578751041,0.012745140666258488,0.05955548605206363,0.506013892714265
12.284999999999929,1.2285000000000001,0.0,0.0,-0.4100729589293165,-0.32147908168635114,0.8277713345480205,-0.030120536645429092,0.0568489733084494,0.006609137340974146,0.060133560606229534,0.5048130752324476
12.317499999999928,1.2317500000000001,0.0,0.0,-0.41104396557362655,-0.31964642075289845,0.8278872570703611,-0.029635033323274083,0.05593264284172307,0.0005378813000997381,0.06034795102335102,0.504370283813739
12.349999999999927,1.235,0.0,0.0,-0.41199932087157454,-0.3178432998964387,0.8278073275866321,-0.029157355674300077,0.055031082413493214,-0.005438302403960412,0.060200055986504415,0.5046755919521613
12.382499999999926,1.23825,0.0,0.0,-0.41293927710222,-0.3160692429698938,0.8275351168821615,-0.02868737755897735,0.05414405395022075,-0.011290024953505916,0.05969874588661501,0.5057153602524578
12.414999999999925,1.2415,0.0,0.0,-0.41386408247821665,-0.31432378150104834,0.8270751274944762,-0.02822497487097902,0.053271323215798014,-0.01698943141008617,0.058859874577607475,0.5074723902881362
12.447499999999923,1.24475,0.0,0.0,-0.41477398121135767,-0.31260645456884123,0.8264327349914918,-0.027770025504408505,0.05241265974969446,-0.022510733950249173,0.05770551442441493,0.5099261489022594
12.479999999999926,1.2480000000000002,0.0,0.0,-0.4156692135770643,-0.3109168086816508,0.8256141132622112,-0.027322409321555163,0.05156783680609922,-0.027830659444484283,0.05626297237520351,0.5130530535759581
12.512499999999925,1.2512500000000002,0.0,0.0,-0.41655001597783475,-0.30925439765754253,0.8246261468630923,-0.02688200812116994,0.050736631294045105,-0.0329287965705589,0.05456365690866894,0.5168268072406415
12.544999999999924,1.2545000000000002,0.0,0.0,-0.4174166210056709,-0.30761878250644586,0.8234763338297851,-0.026448705607251866,0.049918823718496784,-0.03778783476003958,0.05264187041000159,0.5212187695098173
12.577499999999922,1.2577500000000001,0.0,0.0,-0.4182692575034983,-0.30600953131423125,0.8221726824990568,-0.026022387358338155,0.04911419812238947,-0.0423936942895068,0.05053359906571179,0.5261983507903069
12.609999999999921,1.2610000000000001,0.0,0.0,-0.4191081506255964,-0.3044262191286552,0.8207236058036361,-0.025602940797289087,0.04832254202960143,-0.04673555308505392,0.04827536390894746,0.5317334160461983
12.64249999999992,1.26425,0.0,0.0,-0.4199335218970547,-0.30286842784714385,0.819137816236336,-0.02519025516155994,0.04754364638884574,-0.05080578083017883,0.0459031839666828,0.5377906860063434
12.674999999999919,1.2675,0.0,0.0,-0.4207455892722703,-0.3013357461063854,0.817424224274168,-0.02478422147395213,0.04677730551846651,-0.05459979449068688,0.043451687562841644,0.5443361251556609
12.707499999999918,1.27075,0.0,0.0,-0.421544567192503,-0.2998277691737021,0.815591842558295,-0.024384732513835765,0.04602331705212483,-0.05811585134498083,0.040953392614104786,0.5513353077407588
12.739999999999917,1.274,0.0,0.0,-0.42233066664250235,-0.29834409884017293,0.8136496975902885,-0.02399168278883609,0.04528148188536028,-0.06135479615817726,0.038438162760287276,0.5587537550653815
12.77249999999992,1.2772500000000002,0.0,0.0,-0.42310409520622205,-0.2968843433154796,0.811606750171863,-0.023604968506976243,0.04455160412301361,-0.06431977850799359,0.03593283445629834,0.5665572393882433
12.804999999999918,1.2805000000000002,0.0,0.0,-0.423865057121636,-0.2954481171244472,0.809471825317526,-0.023224487549269254,0.043833491027497416,-0.06701595476484594,0.03346100126996899,0.5747120516369827
12.837499999999917,1.2837500000000002,0.0,0.0,-0.4246137533346717,-0.29403504100525185,0.8072535519306985,-0.022850139442751403,0.04312695296789975,-0.06945018716377424,0.031042935688385453,0.5831852318284101
12.869999999999916,1.2870000000000001,0.0,0.0,-0.42535038155227317,-0.2926447418092702,0.804960312167228,-0.02248182533395067,0.04243180336990891,-0.07163075006877372,0.028695625510005457,0.5919447624856393
12.902499999999915,1.2902500000000001,0.0,0.0,-0.4260751362946093,-0.2912768524025424,0.8026002001206769,-0.022119447962782614,0.04174785866654503,-0.07356705115636278,0.02643290095576692,0.6009597264486634
12.934999999999913,1.2935,0.0,0.0,-0.4267882089464404,-0.289931011568824,0.8001809892495443,-0.02176291163686707,0.04107493824968582,-0.07526937300862355,0.024265629438101986,0.6102004312932011
12.967499999999912,1.29675,0.0,0.0,-0.42748978780765684,-0.28860686391419976,0.7977101078211984,-0.02141212220625882,0.04041286442237369,-0.07674863861992877,0.022201956943284095,0.619638503127966
12.999999999999911,1.3,0.0,0.0,-0.4281800581430033,-0.2873040597732357,0.7951946215615134,-0.021066987038585595,0.03976146235189166,-0.07801620264650427,0.020247577723883328,0.6292469528681727
